ts	phase	decision	why	evidence	result
2026-09-27T06:57:00Z	frame	Use Handy v0.9.7 as a source for a selective port	A simulated whole merge had 66 conflicts in files with Parley-specific behavior	/tmp/parley-upstream-investigation-20260927/merge-handy.txt	Architecture pending
2026-09-27T06:59:13Z	baseline	Baseline frontend build and Rust check passed	Capture known-good state before native runtime changes	bun run build; cargo check --locked at bcd303e	VERIFIED
2026-09-27T06:59:49Z	baseline	Rust unit tests passed; frontend lint has nine pre-existing violations	Separate inherited failures from port regressions	cargo test --lib --locked: 51 passed; bun run lint: nine i18next/no-literal-string errors at bcd303e	VERIFIED
2026-09-27T07:00:07Z	baseline	Translation consistency check already fails for every non-English locale	Do not attribute inherited missing keys to this port	bun run check:translations at bcd303e: 0/16 languages pass	VERIFIED
2026-09-27T07:00:52Z	feasibility	A standalone transcribe-cpp 0.2.3 crate checks with Metal on M5 Pro	Remove native build uncertainty before integrating the app	/tmp/parley-handy-native-probe/Cargo.toml; cargo check	VERIFIED
2026-09-27T07:06:54Z	design	Selected private generation-keyed dictation slot and ordered Stop then Finalize	Prevents stale results, duplicate paste and lost resampler tail while preserving global action lifecycle	.audit/handy-models-streaming-design.md; /tmp/parley-upstream-investigation-20260927/architect-judge.md	VERIFIED design, implementation pending
2026-09-27T07:07:48Z	probe	Pinned native sys crate after a version mismatch and transcribed a French 7.65 s synthetic fixture	The transcribe-cpp 0.2.3 wrapper pulled sys 0.2.4 without an exact pin; the model must run before integration	/tmp/parley-handy-native-probe/result.txt; /tmp/parley-handy-native-probe/Cargo.toml	VERIFIED batch on Metal; technical terms inaccurate
2026-09-27T07:13:21Z	start	Implementation owner resumed the approved native runtime port	Parent assigned exclusive write ownership of this worktree and forbade more agents	branch codex-handy-models-streaming at bcd303e	open
2026-09-27T07:13:21Z	runtime	Use CPU for Nemotron 3.5 live sessions on macOS	The exact Q8 file streamed a full sentence on CPU and only the first word on Metal, including a fresh stream-only session	/tmp/parley-handy-native-probe/stream-only-560-fr-FR-metal.txt; /tmp/parley-handy-native-probe/stream-only-30-auto-cpu.txt; .audit/handy-models-streaming-design.md	accepted deviation, live path not implemented yet
2026-09-27T07:19:46Z	runtime	Pinned transcribe-cpp and transcribe-cpp-sys to 0.2.3 and verified Nemotron batch in the app test	The wrapper otherwise resolves sys 0.2.4 and rejects the model. Release avoids the debug ggml Metal registration abort.	src-tauri/Cargo.lock; /tmp/parley-lib-release.log	release cargo test --lib 53 passed
